code_usine;lat;lon;display_name;importance;Adresse  ;Code postal INSEE;INSEE;commune;postal;Ligne_5;type
1;46.6872318;0.6183598;86210, Berthoin, Bonneuil-Matours, Châtellerault, Vienne, Nouvelle-Aquitaine, France métropolitaine, France;0,12005902265964746;D3;86009;86009;ARCHIGNY;86210;;postal_code
2;46.7288137;0.4412383;La Tricherie, Rue de la Gare, La Tricherie, Beaumont, Beaumont Saint-Cyr, Poitiers, Vienne, Nouvelle-Aquitaine, France métropolitaine, 86490, France;0,19320077280132728;La Tricherie;86019;86019;BEAUMONT ST CYR;86130;ST CYR;halt
3;46.1520201;0.4183731;86250, Chateauneuf, Charroux, Montmorillon, Vienne, Nouvelle-Aquitaine, France métropolitaine, France;0,12005976424811164;11 route de Chatin;86061;86061;CHARROUX;86250;;postal_code
4;46.1520201;0.4183731;86250, Chateauneuf, Charroux, Montmorillon, Vienne, Nouvelle-Aquitaine, France métropolitaine, France;0,12005976424811164;1 rue de bancs;86061;86061;CHARROUX;86250;;postal_code
5;46.6534010;0.3772014;Rue Leclanché, Chasseneuil-du-Poitou, Poitiers, Vienne, Nouvelle-Aquitaine, France métropolitaine, 86360, France;0,05340342030975811;Rue Leclanché ;86062;86062;CHASSENEUIL DU POITOU;86360;;residential
6;46.6399448;0.4241396;86360, Montamisé, Poitiers, Vienne, Nouvelle-Aquitaine, France métropolitaine, France;0,12007008697642477;Rue Georges Leclanché;86062;86062;CHASSENEUIL DU POITOU;86360;;postal_code
7;46.6237743;0.3630666;Route de Saint-Georges, Chasseneuil-du-Poitou, Poitiers, Vienne, Nouvelle-Aquitaine, France métropolitaine, 86360, France;0,05340342030975811;Route de Saint-Georges;86062;86062;CHASSENEUIL DU POITOU;86360;;secondary
8;46.6399448;0.4241396;86360, Montamisé, Poitiers, Vienne, Nouvelle-Aquitaine, France métropolitaine, France;0,12007008697642477;Rue du XXI siècle;86062;86062;CHASSENEUIL DU POITOU;86360;;postal_code
9;46.8329682;0.5547621;86100, Le Marais, Châtellerault, Vienne, Nouvelle-Aquitaine, France métropolitaine, France;0,12006267109178297;Gd Rue de Châteauneuf;86066;86066;CHATELLERAULT;86100;TARGE;postal_code
10;46.8171027;0.5322383;73, Rue de Thuré, Châteauneuf, Châtellerault, Vienne, Nouvelle-Aquitaine, France métropolitaine, 86100, France;6,267109178297121e-05;73 rue de Thuré;86066;86066;CHATELLERAULT;86100;TARGE;house
11;46.7968016;0.5502950;27, Rue du Paradis, La Plaine d'Ozon, Châtellerault, Vienne, Nouvelle-Aquitaine, France métropolitaine, 86100, France;6,267109178297121e-05;27 Rue du Paradis;86066;86066;CHATELLERAULT;86100;TARGE;house
12;46.8401059;0.5485476;Allée d’Argenson, Le Marais, Châtellerault, Vienne, Nouvelle-Aquitaine, France métropolitaine, 86100, France;0,053396004425116314;All. d'Argenson;86066;86066;CHATELLERAULT;86100;TARGE;residential
13;46.8232225;0.5447281;Avenue Jean Jaurès, Faubourg Sainte-Catherine, Châteauneuf, Châtellerault, Vienne, Nouvelle-Aquitaine, France métropolitaine, 86100, France;0,053396004425116314;20 Av. Jean Jaurès;86066;86066;CHATELLERAULT;86100;TARGE;secondary
14;46.8193246;0.5395410;2, Rue de Verdun, Faubourg Sainte-Catherine, Châteauneuf, Châtellerault, Vienne, Nouvelle-Aquitaine, France métropolitaine, 86100, France;6,267109178297121e-05;2 rue de Verdun;86066;86066;CHATELLERAULT;86100;TARGE;house
15;46.8354481;0.5336495;Avenue Alfred Nobel, Châtellerault, Vienne, Nouvelle-Aquitaine, France métropolitaine, 86100, France;0,053396004425116314;12 Av. Alfred Nobel;86066;86066;CHATELLERAULT;86100;TARGE;tertiary
16;46.8317537;0.5289665;Chemin de la Massonne, L'Aiguillon, Châteauneuf, Châtellerault, Vienne, Nouvelle-Aquitaine, France métropolitaine, 86100, France;0,053396004425116314;12 Chemin de la Massonne;86066;86066;CHATELLERAULT;86100;TARGE;unclassified
17;46.8163198;0.5438149;45, Rue Bourbon, Faubourg Saint-Jacques, Châteauneuf, Châtellerault, Vienne, Nouvelle-Aquitaine, France métropolitaine, 86100, France;6,267109178297121e-05;45 Rue Bourbon;86066;86066;CHATELLERAULT;86100;TARGE;house
18;46.8184207;0.5440165;118, Rue Bourbon, Faubourg Sainte-Catherine, Châteauneuf, Châtellerault, Vienne, Nouvelle-Aquitaine, France métropolitaine, 86100, France;6,267109178297121e-05;118 Rue Bourbon;86066;86066;CHATELLERAULT;86100;TARGE;house
19;46.8163528;0.5445937;13, Rue de l'Arceau, Faubourg Saint-Jacques, Châteauneuf, Châtellerault, Vienne, Nouvelle-Aquitaine, France métropolitaine, 86100, France;6,267109178297121e-05;13 Rue de l'Arceau;86066;86066;CHATELLERAULT;86100;TARGE;house
20;46.8162285;0.5444780;45, Rue des Limousins, Faubourg Saint-Jacques, Châteauneuf, Châtellerault, Vienne, Nouvelle-Aquitaine, France métropolitaine, 86100, France;6,267109178297121e-05;45 Rue des Limousins;86066;86066;CHATELLERAULT;86100;TARGE;house
21;46.8154462;0.5498213;49, Rue Arsène et Jean Lambert, Faubourg Saint-Jacques, La Plaine d'Ozon, Châtellerault, Vienne, Nouvelle-Aquitaine, France métropolitaine, 86100, France;6,267109178297121e-05;49 Rue Arsène et Jean Lambert;86066;86066;CHATELLERAULT;86100;TARGE;house
22;46.8168610;0.5439037;54, Rue Bourbon, Faubourg Saint-Jacques, Châteauneuf, Châtellerault, Vienne, Nouvelle-Aquitaine, France métropolitaine, 86100, France;6,267109178297121e-05;54 Rue Bourbon;86066;86066;CHATELLERAULT;86100;TARGE;house
23;46.7605965;0.5553031;11, Rue Auguste Sutter, Availles-en-Châtellerault, Châtellerault, Vienne, Nouvelle-Aquitaine, France métropolitaine, 86530, France;5,897535667959132e-05;11 Rue Auguste Sutter;86066;86066;CHATELLERAULT;86100;TARGE;house
24;46.8229591;0.5357330;Rue du Sanital, Faubourg Sainte-Catherine, Châteauneuf, Châtellerault, Vienne, Nouvelle-Aquitaine, France métropolitaine, 86100, France;0,053396004425116314;43 Rue du Sanital;86066;86066;CHATELLERAULT;86100;TARGE;residential
25;46.8124180;0.5272440;37, Rue de la Brelandière, La Brelandière, Châteauneuf, Châtellerault, Vienne, Nouvelle-Aquitaine, France métropolitaine, 86100, France;6,267109178297121e-05;37 Rue de la Brelandière;86066;86066;CHATELLERAULT;86100;TARGE;house
26;46.8329682;0.5547621;86100, Le Marais, Châtellerault, Vienne, Nouvelle-Aquitaine, France métropolitaine, France;0,12006267109178297;39 Rue André Charles Boulle;86066;86066;CHATELLERAULT;86100;TARGE;postal_code
27;46.8480048;0.5472044;9, Rue Maryse Bastié, Châtellerault, Vienne, Nouvelle-Aquitaine, France métropolitaine, 86100, France;5,950637064159636e-05;9 Rue Maryse Bastié;86066;86066;CHATELLERAULT;86100;TARGE;house
28;46.8344201;0.5338490;37, Rue Bernard Palissy, Châtellerault, Vienne, Nouvelle-Aquitaine, France métropolitaine, 86100, France;6,267109178297121e-05;37 Rue Bernard Palissy;86066;86066;CHATELLERAULT;86100;TARGE;house
29;46.8329682;0.5547621;86100, Le Marais, Châtellerault, Vienne, Nouvelle-Aquitaine, France métropolitaine, France;0,12006267109178297;6 Rue André Charles Boulle;86066;86066;CHATELLERAULT;86100;TARGE;postal_code
30;46.8473626;0.5471467;Rue Maryse Bastié, Châtellerault, Vienne, Nouvelle-Aquitaine, France métropolitaine, 86100, France;0,05339283970397494;22 Rue Maryse Bastié;86066;86066;CHATELLERAULT;86100;TARGE;unclassified
31;46.8226498;0.5279884;Rue Henri Barbusse, Châteauneuf, Châtellerault, Vienne, Nouvelle-Aquitaine, France métropolitaine, 86100, France;0,053396004425116314;85 Rue Henri Barbusse;86066;86066;CHATELLERAULT;86100;TARGE;residential
32;46.8427797;0.5438384;26, Rue Amédée Bollée, Le Marais, Châtellerault, Vienne, Nouvelle-Aquitaine, France métropolitaine, 86100, France;6,267109178297121e-05;26 Rue Amédée Bollée;86066;86066;CHATELLERAULT;86100;TARGE;house
33;46.8430271;0.5400360;Rue Denis Papin, Châtellerault, Vienne, Nouvelle-Aquitaine, France métropolitaine, 86100, France;0,053396004425116314;Rue Denis Papin;86066;86066;CHATELLERAULT;86100;TARGE;unclassified
34;46.8387462;0.5463744;Rue des Frères Montgolfier, Le Marais, Châtellerault, Vienne, Nouvelle-Aquitaine, France métropolitaine, 86100, France;0,053396004425116314;8 Rue des Frères Montgolfier;86066;86066;CHATELLERAULT;86100;TARGE;residential
35;46.8209497;0.5288116;10, Rue Henri Martin, Châteauneuf, Châtellerault, Vienne, Nouvelle-Aquitaine, France métropolitaine, 86100, France;6,267109178297121e-05;10 Rue Henri Martin;86066;86066;CHATELLERAULT;86100;TARGE;house
36;46.8143835;0.5505640;34, Rue Augustin Neveu, Faubourg Saint-Jacques, La Plaine d'Ozon, Châtellerault, Vienne, Nouvelle-Aquitaine, France métropolitaine, 86100, France;6,267109178297121e-05;34 Rue Augustin Neveu;86066;86066;CHATELLERAULT;86100;TARGE;house
37;46.8329682;0.5547621;86100, Le Marais, Châtellerault, Vienne, Nouvelle-Aquitaine, France métropolitaine, France;0,12006267109178297;39 Rue André Charles Boulle;86066;86066;CHATELLERAULT;86100;TARGE;postal_code
38;46.8160095;0.5420076;14, Rue de Sully, Faubourg Saint-Jacques, Châteauneuf, Châtellerault, Vienne, Nouvelle-Aquitaine, France métropolitaine, 86100, France;6,267109178297121e-05;14 Rue Sully;86066;86066;CHATELLERAULT;86100;TARGE;house
39;46.8124180;0.5272440;37, Rue de la Brelandière, La Brelandière, Châteauneuf, Châtellerault, Vienne, Nouvelle-Aquitaine, France métropolitaine, 86100, France;6,267109178297121e-05;37 Rue de la Brelandière;86066;86066;CHATELLERAULT;86100;TARGE;house
40;46.8196382;0.5572591;17, Impasse du Maréchal Leclerc, Châtellerault, Vienne, Nouvelle-Aquitaine, France métropolitaine, 86100, France;6,267109178297121e-05;17 Imp. du Maréchal Leclerc;86066;86066;CHATELLERAULT;86100;TARGE;house
41;46.8435341;0.5315198;Rue Georges Charpak, Châtellerault, Vienne, Nouvelle-Aquitaine, France métropolitaine, 86100, France;0,053396004425116314;Rue Georges Charpak;86066;86066;CHATELLERAULT;86100;TARGE;tertiary
42;46.8329682;0.5547621;86100, Le Marais, Châtellerault, Vienne, Nouvelle-Aquitaine, France métropolitaine, France;0,12006267109178297; rue 86100, 39 Rue Maurice Vlaminck;86066;86066;CHATELLERAULT;86100;TARGE;postal_code
43;46.8235889;0.5401818;149, Rue d'Antran, Faubourg Sainte-Catherine, Châteauneuf, Châtellerault, Vienne, Nouvelle-Aquitaine, France métropolitaine, 86100, France;6,267109178297121e-05;149 Rue d'Antran;86066;86066;CHATELLERAULT;86100;TARGE;house
44;46.8473626;0.5471467;Rue Maryse Bastié, Châtellerault, Vienne, Nouvelle-Aquitaine, France métropolitaine, 86100, France;0,05339283970397494;Rue Maryse Bastié;86066;86066;CHATELLERAULT;86100;TARGE;unclassified
45;46.8329682;0.5547621;86100, Le Marais, Châtellerault, Vienne, Nouvelle-Aquitaine, France métropolitaine, France;0,12006267109178297;56 Rue de la Rochefoucauld;86066;86066;CHATELLERAULT;86100;TARGE;postal_code
46;46.8354481;0.5336495;Avenue Alfred Nobel, Châtellerault, Vienne, Nouvelle-Aquitaine, France métropolitaine, 86100, France;0,053396004425116314;24 Av. Alfred Nobel;86066;86066;CHATELLERAULT;86100;TARGE;tertiary
47;46.8074348;0.5432438;28, Avenue Pierre Abelin, Faubourg Saint-Jacques, La Plaine d'Ozon, Châtellerault, Vienne, Nouvelle-Aquitaine, France métropolitaine, 86100, France;6,267109178297121e-05;28 Av. Pierre Abelin;86066;86066;CHATELLERAULT;86100;TARGE;house
48;46.8074222;0.5486796;16, Rue des Coquelicots, La Plaine d'Ozon, Châtellerault, Vienne, Nouvelle-Aquitaine, France métropolitaine, 86100, France;6,267109178297121e-05;16 Rue des Coquelicots;86066;86066;CHATELLERAULT;86100;TARGE;house
49;46.8160107;0.5342010;Rue des Loges, Châteauneuf, Châtellerault, Vienne, Nouvelle-Aquitaine, France métropolitaine, 86100, France;0,053396004425116314;67 Rue des Loges;86066;86066;CHATELLERAULT;86100;TARGE;tertiary
50;46.8229591;0.5357330;Rue du Sanital, Faubourg Sainte-Catherine, Châteauneuf, Châtellerault, Vienne, Nouvelle-Aquitaine, France métropolitaine, 86100, France;0,053396004425116314;Rue du Sanital;86066;86066;CHATELLERAULT;86100;TARGE;residential
51;46.8067172;0.5376554;31, Rue Aglophile Fradin, Faubourg Saint-Jacques, La Plaine d'Ozon, Châtellerault, Vienne, Nouvelle-Aquitaine, France métropolitaine, 86100, France;6,267109178297121e-05;31 Rue Aglophile Fradin;86066;86066;CHATELLERAULT;86100;TARGE;house
52;46.8242992;0.5335683;Rue du Pin, Châteauneuf, Châtellerault, Vienne, Nouvelle-Aquitaine, France métropolitaine, 86100, France;0,053396004425116314;6 Rue du Pin;86066;86066;CHATELLERAULT;86100;TARGE;residential
53;46.8261539;0.5318839;4 bis, Rue Thomas Edison, L'Aiguillon, Châteauneuf, Châtellerault, Vienne, Nouvelle-Aquitaine, France métropolitaine, 86100, France;6,267109178297121e-05;4bis Rue Thomas Edison;86066;86066;CHATELLERAULT;86100;TARGE;house
54;46.8354481;0.5336495;Avenue Alfred Nobel, Châtellerault, Vienne, Nouvelle-Aquitaine, France métropolitaine, 86100, France;0,053396004425116314;1 Av. Alfred Nobel;86066;86066;CHATELLERAULT;86100;TARGE;tertiary
55;46.8124954;0.5285020;Rue de la Brelandière, La Brelandière, Châteauneuf, Châtellerault, Vienne, Nouvelle-Aquitaine, France métropolitaine, 86100, France;0,053396004425116314;Rue de la Brelandière;86066;86066;CHATELLERAULT;86100;TARGE;tertiary
56;46.8076498;0.5380116;Rue Aglophile Fradin, Faubourg Saint-Jacques, La Plaine d'Ozon, Châtellerault, Vienne, Nouvelle-Aquitaine, France métropolitaine, 86100, France;0,053396004425116314;Rue Aglophile Fradin;86066;86066;CHATELLERAULT;86100;TARGE;residential
57;46.8166125;0.5482115;Rue Choisnin, Faubourg Saint-Jacques, La Plaine d'Ozon, Châtellerault, Vienne, Nouvelle-Aquitaine, France métropolitaine, 86100, France;0,053396004425116314;Rue Choisnin;86066;86066;CHATELLERAULT;86100;TARGE;residential
58;46.8139936;0.5473431;Rue Hilaire Gilbert, Faubourg Saint-Jacques, La Plaine d'Ozon, Châtellerault, Vienne, Nouvelle-Aquitaine, France métropolitaine, 86100, France;0,053396004425116314;Rue Gilbert;86066;86066;CHATELLERAULT;86100;TARGE;residential
59;46.8329682;0.5547621;86100, Le Marais, Châtellerault, Vienne, Nouvelle-Aquitaine, France métropolitaine, France;0,12006267109178297;zone industrielle nord ;86066;86066;CHATELLERAULT;86100;TARGE;postal_code
60;46.8329682;0.5547621;86100, Le Marais, Châtellerault, Vienne, Nouvelle-Aquitaine, France métropolitaine, France;0,12006267109178297;zone industrielle nord ;86066;86066;CHATELLERAULT;86100;TARGE;postal_code
61;46.8329682;0.5547621;86100, Le Marais, Châtellerault, Vienne, Nouvelle-Aquitaine, France métropolitaine, France;0,12006267109178297;zone industrielle nord ;86066;86066;CHATELLERAULT;86100;TARGE;postal_code
62;46.5623861;0.6469862;47, Rue de Montmorillon, Chauvigny, Poitiers, Vienne, Nouvelle-Aquitaine, France métropolitaine, 86300, France;6,027084763862085e-05;47 Rue de Montmorillon;86070;86070;CHAUVIGNY;86300;POUZIOUX;house
63;46.5608931;0.6515535;19, Rue du Planty, Chauvigny, Poitiers, Vienne, Nouvelle-Aquitaine, France métropolitaine, 86300, France;6,027084763862085e-05;19 Rue du Planty;86070;86070;CHAUVIGNY;86300;POUZIOUX;house
64;46.5449160;0.6910907;86300, Chauvigny, Poitiers, Vienne, Nouvelle-Aquitaine, France métropolitaine, France;0,12006027084763862;D3;86070;86070;CHAUVIGNY;86300;POUZIOUX;postal_code
65;46.5601705;0.6518327;16, Rue du Planty, Chauvigny, Poitiers, Vienne, Nouvelle-Aquitaine, France métropolitaine, 86300, France;6,027084763862085e-05;16 Rue du Planty;86070;86070;CHAUVIGNY;86300;POUZIOUX;house
66;46.5727278;0.6329188;Rue d'Artiges, Chauvigny, Poitiers, Vienne, Nouvelle-Aquitaine, France métropolitaine, 86300, France;0,053393604180971964;Rue d'Artiges;86070;86070;CHAUVIGNY;86300;POUZIOUX;residential
67;46.5449160;0.6910907;86300, Chauvigny, Poitiers, Vienne, Nouvelle-Aquitaine, France métropolitaine, France;0,12006027084763862;Route nationale 151 ;86070;86070;CHAUVIGNY;86300;POUZIOUX;postal_code
68;46.5695951;0.6448328;39, Place du Marché, Chauvigny, Poitiers, Vienne, Nouvelle-Aquitaine, France métropolitaine, 86300, France;6,027084763862085e-05;39 Place du Marché;86070;86070;CHAUVIGNY;86300;POUZIOUX;house
69;46.5679758;0.6483346;Rue de Saint-Savin, Chauvigny, Poitiers, Vienne, Nouvelle-Aquitaine, France métropolitaine, 86300, France;0,053393604180971964;31 ter Rue de Saint-Savin;86070;86070;CHAUVIGNY;86300;POUZIOUX;secondary
70;46.5752865;0.6222203;Route de la Varenne, Chauvigny, Poitiers, Vienne, Nouvelle-Aquitaine, France métropolitaine, 86300, France;0,053393604180971964;La Varenne;86070;86070;CHAUVIGNY;86300;POUZIOUX;unclassified
71;46.5622398;0.6288945;Le Peuron, Zone Industrielle Nord Le Pleuron, Chauvigny, Poitiers, Vienne, Nouvelle-Aquitaine, France métropolitaine, 86300, France;0,06672693751430533;Le Peuron;86070;86070;CHAUVIGNY;86300;POUZIOUX;locality
72;46.5449160;0.6910907;86300, Chauvigny, Poitiers, Vienne, Nouvelle-Aquitaine, France métropolitaine, France;0,12006027084763862;Les Barrières;86070;86070;CHAUVIGNY;86300;POUZIOUX;postal_code
73;46.5779859;0.7279133;Route Forestière de la Loge, Chauvigny, Poitiers, Vienne, Nouvelle-Aquitaine, France métropolitaine, 86300, France;0,053393604180971964;Route de Montmorillon;86070;86070;CHAUVIGNY;86300;POUZIOUX;unclassified
74;46.1472715;0.2939044;Rue Duplessis, La Courtille, Civray, Montmorillon, Vienne, Nouvelle-Aquitaine, France métropolitaine, 86400, France;0,05339270847638663;23 Rue Duplessis;86078;86078;CIVRAY;86400;;tertiary
75;46.1486219;0.2953496;Civray, Montmorillon, Vienne, Nouvelle-Aquitaine, France métropolitaine, 86400, France;0,5240763623994946;Les Palatries;86078;86078;CIVRAY;86400;;administrative
76;46.1486219;0.2953496;Civray, Montmorillon, Vienne, Nouvelle-Aquitaine, France métropolitaine, 86400, France;0,5240763623994946;22 rue Norbert Portejoie;86078;86078;CIVRAY;86400;;administrative
77;46.1486219;0.2953496;Civray, Montmorillon, Vienne, Nouvelle-Aquitaine, France métropolitaine, 86400, France;0,5240763623994946;47 Rue Norbert Portejoie;86078;86078;CIVRAY;86400;;administrative
78;46.1508980;0.3032631;Rue la Vallée des Bas Champs, Champ Four, Civray, Montmorillon, Vienne, Nouvelle-Aquitaine, France métropolitaine, 86400, France;0,05339270847638663;rue la vallée des bas champs;86078;86078;CIVRAY;86400;;residential
79;46.4447013;0.1829743;La Mélusine, Cloué, Poitiers, Vienne, Nouvelle-Aquitaine, France métropolitaine, 86600, France;0,10672619287403674;La Mélusine;86080;86080;CLOUE;86600;;isolated_dwelling
80;46.9400525;0.6040331;Rue de la Rivière, Le Bourg, Dangé-Saint-Romain, Châtellerault, Vienne, Nouvelle-Aquitaine, France métropolitaine, 86220, France;0,05339300144960705;Rue de la Rivière;86092;86092;DANGE ST ROMAIN;86220;;residential
81;46.9515728;0.6035596;Route de Buxières, Buxières, Dangé-Saint-Romain, Châtellerault, Vienne, Nouvelle-Aquitaine, France métropolitaine, 86220, France;0,05339300144960705;Route de Buxières;86092;86092;DANGE ST ROMAIN;86220;;residential
82;46.7046864;0.4205483;Rue de la Gare, Dissay, Poitiers, Vienne, Nouvelle-Aquitaine, France métropolitaine, 86130, France;0,05340342030975811;717 Rue de la Gare;86095;86095;DISSAY;86130;;residential
83;46.3735800;0.4039650;19, Place du Marché, Gençay, Montmorillon, Vienne, Nouvelle-Aquitaine, France métropolitaine, 86160, France;5,954757000071744e-05;19 Place du Marché;86103;86103;GENCAY;86160;;house
84;46.8759026;0.5688208;Ingrandes, Châtellerault, Vienne, Nouvelle-Aquitaine, France métropolitaine, 86220, France;0,5192470983242315;Zone industrielle;86111;86111;INGRANDES;86220;;administrative
85;46.4887916;0.3113773;Iteuil, Poitiers, Vienne, Nouvelle-Aquitaine, France métropolitaine, 86240, France;0,5185445190977896;4 lieu-dit Papault;86113;86113;ITEUIL;86240;;administrative
86;46.4786050;0.3015748;Rue de la Forge, La Clémencalière, Iteuil, Poitiers, Vienne, Nouvelle-Aquitaine, France métropolitaine, 86240, France;0,05340342030975811;20 Rue de la Forge;86113;86113;ITEUIL;86240;;residential
87;46.4891447;0.3040876;Rue de la Crémaude, Iteuil, Poitiers, Vienne, Nouvelle-Aquitaine, France métropolitaine, 86240, France;0,05340342030975811;36 Rue de la crémaude;86113;86113;ITEUIL;86240;;residential
88;46.4974871;0.2974129;Chemin du Papault à Ruffigny, Iteuil, Poitiers, Vienne, Nouvelle-Aquitaine, France métropolitaine, 86240, France;0,05340342030975811;Papault;86113;86113;ITEUIL;86240;;tertiary
89;46.6881946;0.3863046;Avenue de Paris, Jaunay-Clan, Jaunay-Marigny, Poitiers, Vienne, Nouvelle-Aquitaine, France métropolitaine, 86130, France;0,05340342030975811;55-57 Avenue de Paris;86115;86115;JAUNAY MARIGNY;86130;JAUNAY CLAN;primary
89;46.6884944;0.3865737;Avenue de Paris, Jaunay-Clan, Jaunay-Marigny, Poitiers, Vienne, Nouvelle-Aquitaine, France métropolitaine, 86130, France;0,05340342030975811;55-57 Avenue de Paris;86115;86115;JAUNAY MARIGNY;86380;MARIGNY BRIZAY;primary
90;46.2362410;0.6833603;49, Rue du Ribotteau, L'Isle-Jourdain, Montmorillon, Vienne, Nouvelle-Aquitaine, France métropolitaine, 86150, France;5,941481651021618e-05;49 Rue du Ribotteau;86112;86112;L ISLE JOURDAIN;86150;;yes
91;46.3325275;0.9615639;17, Route du Dorat, Lathus, Lathus-Saint-Rémy, Montmorillon, Vienne, Nouvelle-Aquitaine, France métropolitaine, 86390, France;5,960860608830423e-05;17 Rte du Dorat;86120;86120;LATHUS ST REMY;86390;ST REMY EN MONTMORILLON;house
92;46.5215628;0.3189777;Chemin des Deux Croix, Ligugé, Poitiers, Vienne, Nouvelle-Aquitaine, France métropolitaine, 86240, France;0,05340342030975811;Chemin des Deux Croix;86133;86133;LIGUGE;86240;;tertiary
93;46.5186075;0.3337492;Avenue de la Plage, Ligugé, Poitiers, Vienne, Nouvelle-Aquitaine, France métropolitaine, 86240, France;0,05340342030975811;avenue de la plage ;86133;86133;LIGUGE;86240;;tertiary
94;47.0217978;0.0846745;Rue des Aubuies, Les Aubuies, Loudun, Châtellerault, Vienne, Nouvelle-Aquitaine, France métropolitaine, 86200, France;0,05339444647898066;Rue des Aubuies;86137;86137;LOUDUN;86200;ROSSAY;residential
95;47.0171123;0.0906504;Avenue de la Coopération, Les Chevaux Blancs, Les Aubuies, Loudun, Châtellerault, Vienne, Nouvelle-Aquitaine, France métropolitaine, 86200, France;0,05339444647898066;avenue de la Coopération;86137;86137;LOUDUN;86200;ROSSAY;residential
96;47.0217978;0.0846745;Rue des Aubuies, Les Aubuies, Loudun, Châtellerault, Vienne, Nouvelle-Aquitaine, France métropolitaine, 86200, France;0,05339444647898066;Rue des Aubuies;86137;86137;LOUDUN;86200;ROSSAY;residential
97;46.9989197;0.0560481;Route de Thouars, Lassay, Loudun, Châtellerault, Vienne, Nouvelle-Aquitaine, France métropolitaine, 86200, France;0,05339285343709465;Route de Thouars;86137;86137;LOUDUN;86200;ROSSAY;primary
98;46.4340189;0.1225788;Rue de Chypre, Lusignan, Les Vieux Pins, Lusignan, Poitiers, Vienne, Nouvelle-Aquitaine, France métropolitaine, 86600, France;0,05339291294728005;rue de Chypre;86139;86139;LUSIGNAN;86600;;secondary
99;46.4161650;0.1347330;86600, Lusignan, Poitiers, Vienne, Nouvelle-Aquitaine, France métropolitaine, France;0,12005956740672918;Le Plan Vert;86139;86139;LUSIGNAN;86600;;postal_code
100;46.4312338;0.8976624;Rue des Métiers, Zone industrielle Est La Barre, Montmorillon, Vienne, Nouvelle-Aquitaine, France métropolitaine, 86500, France;0,05339397497520405;Rue des Métiers;86165;86165;MONTMORILLON;86500;;residential
101;46.4182703;0.8531562;Avenue de Provence, Montmorillon, Vienne, Nouvelle-Aquitaine, France métropolitaine, 86500, France;0,05339397497520405;Avenue de Provence;86165;86165;MONTMORILLON;86500;;residential
102;46.4660793;1.0326594;Route de Journet, La Trimouille, Montmorillon, Vienne, Nouvelle-Aquitaine, France métropolitaine, 86290, France;0,0533928168154421;Route de la Trimouille;86165;86165;MONTMORILLON;86500;;tertiary
103;46.4148222;0.8781416;Avenue du Moulin des Dames, La Calandre, Saulgé, Montmorillon, Vienne, Nouvelle-Aquitaine, France métropolitaine, 86500, France;0,05339284885938808;Moulin des Dames;86165;86165;MONTMORILLON;86500;;tertiary
104;46.4562666;0.8629810;Route de Saint-Savin, Concise, Montmorillon, Vienne, Nouvelle-Aquitaine, France métropolitaine, 86500, France;0,05339397497520405;Route de St-Savin;86165;86165;MONTMORILLON;86500;;secondary
105;46.7531606;0.4965602;Domine, Naintré, Châtellerault, Vienne, Nouvelle-Aquitaine, France métropolitaine, 86530, France;0,13339302891584648;Domine;86174;86174;NAINTRE;86530;;hamlet
106;46.6020574;0.8674069;Nalliers, Montmorillon, Vienne, Nouvelle-Aquitaine, France métropolitaine, 86310, France;0,518378088031639;Zone Artisanale;86175;86175;NALLIERS;86310;;administrative
107;46.6879696;0.2714938;Bellefois, Neuville-de-Poitou, Poitiers, Vienne, Nouvelle-Aquitaine, France métropolitaine, 86170, France;0,13340342030975813;Bellefois;86177;86177;NEUVILLE DE POITOU;86170;;hamlet
108;46.3435185;0.7050940;Rue Grand Rue, Fontarabie, Persac, Montmorillon, Vienne, Nouvelle-Aquitaine, France métropolitaine, 86320, France;0,05339283970397494;Grand'Rue ;86190;86190;PERSAC;86320;;secondary
109;46.5614942;0.3181984;Route de Ligugé, Saint-Benoît, Poitiers, Vienne, Nouvelle-Aquitaine, France métropolitaine, 86280, France;0,05340342030975811;Route de Ligugé;86194;86194;POITIERS;86000;;tertiary
110;46.5726435;0.3588470;Rue du Faubourg du Pont-Neuf, Pont-Neuf, Les Hauts de Saint-Saturnin, Poitiers, Vienne, Nouvelle-Aquitaine, France métropolitaine, 86000, France;0,05340342030975811;Rue du Faubourg du Pont Neuf;86194;86194;POITIERS;86000;;secondary
111;46.6730955;0.3763239;Avenue de Bordeaux, Jaunay-Clan, Jaunay-Marigny, Poitiers, Vienne, Nouvelle-Aquitaine, France métropolitaine, 86130, France;0,05340342030975811;Avenue de Bordeaux;86194;86194;POITIERS;86000;;primary
112;46.5889041;0.3298991;Avenue de Nantes, Poitiers Ouest, Poitiers, Vienne, Nouvelle-Aquitaine, France métropolitaine, 86000, France;0,05340342030975811;Avenue de Nantes;86194;86194;POITIERS;86000;;secondary
113;46.5826130;0.3341865;Boulevard du Grand Cerf, La Gare, Poitiers, Vienne, Nouvelle-Aquitaine, France métropolitaine, 86000, France;0,05340342030975811;Boulevard du Grand-Cerf;86194;86194;POITIERS;86000;;tertiary
114;46.5762081;0.3414165;Boulevard François Albert, Le Carmel, Poitiers, Vienne, Nouvelle-Aquitaine, France métropolitaine, 86000, France;0,05340342030975811;Boulevard François-Albert;86194;86194;POITIERS;86000;;secondary
115;46.5726435;0.3588470;Rue du Faubourg du Pont-Neuf, Pont-Neuf, Les Hauts de Saint-Saturnin, Poitiers, Vienne, Nouvelle-Aquitaine, France métropolitaine, 86000, France;0,05340342030975811;Rue du Faubourg du Pont Neuf;86194;86194;POITIERS;86000;;secondary
116;46.5726435;0.3588470;Rue du Faubourg du Pont-Neuf, Pont-Neuf, Les Hauts de Saint-Saturnin, Poitiers, Vienne, Nouvelle-Aquitaine, France métropolitaine, 86000, France;0,05340342030975811;Rue du Faubourg du Pont Neuf;86194;86194;POITIERS;86000;;secondary
117;46.5815287;0.3512103;Grand'Rue, Cathédrale, Poitiers, Vienne, Nouvelle-Aquitaine, France métropolitaine, 86000, France;0,05340342030975811;Grand rue;86194;86194;POITIERS;86000;;living_street
118;46.5815287;0.3512103;Grand'Rue, Cathédrale, Poitiers, Vienne, Nouvelle-Aquitaine, France métropolitaine, 86000, France;0,05340342030975811;Grand Rue;86194;86194;POITIERS;86000;;living_street
119;46.5979564;0.3290012;La Demi-Lune, Poitiers, Vienne, Nouvelle-Aquitaine, France métropolitaine, 86000, France;0,13340342030975813;La Demi-Lune;86194;86194;POITIERS;86000;;neighbourhood
120;46.5734352;0.3636802;La Pierre Levée, Le Parc à Fourrage, Poitiers, Vienne, Nouvelle-Aquitaine, France métropolitaine, 86000, France;0,13340342030975813;La Pierre-Levée;86194;86194;POITIERS;86000;;neighbourhood
121;46.6060113;0.3451319;Moulin Apparent, Avenue de Paris, Le Porteau, Poitiers, Vienne, Nouvelle-Aquitaine, France métropolitaine, 86000, France;7,008697642476566e-05;Moulin apparent;86194;86194;POITIERS;86000;;bus_stop
122;46.6060113;0.3451319;Moulin Apparent, Avenue de Paris, Le Porteau, Poitiers, Vienne, Nouvelle-Aquitaine, France métropolitaine, 86000, France;7,008697642476566e-05;Moulin apparent;86194;86194;POITIERS;86000;;bus_stop
123;46.5552477;0.3073714;France Pare-Brise, 174, Avenue du 8 Mai 1945, Cap au Sud - Pointe à Miteau, Poitiers-Sud, Poitiers, Vienne, Nouvelle-Aquitaine, France métropolitaine, 86000, France;7,008697642476566e-05;Pointe à Miteau;86194;86194;POITIERS;86000;;car_repair
124;46.5552477;0.3073714;France Pare-Brise, 174, Avenue du 8 Mai 1945, Cap au Sud - Pointe à Miteau, Poitiers-Sud, Poitiers, Vienne, Nouvelle-Aquitaine, France métropolitaine, 86000, France;7,008697642476566e-05;Pointe à Miteau;86194;86194;POITIERS;86000;;car_repair
125;46.5697151;0.3581315;Route de Gençay, Pont-Neuf, Les Hauts de Saint-Saturnin, Poitiers, Vienne, Nouvelle-Aquitaine, France métropolitaine, 86000, France;0,05340342030975811;Route de Gençay;86194;86194;POITIERS;86000;;secondary
126;46.5929776;0.3311755;Rue de Bel Air, Poitiers Ouest, Poitiers, Vienne, Nouvelle-Aquitaine, France métropolitaine, 86000, France;0,05340342030975811;Rue de Bel-Air;86194;86194;POITIERS;86000;;residential
127;46.5602469;0.3143942;Rue Georges Leclanché, Les Prés Mignons, Poitiers, Vienne, Nouvelle-Aquitaine, France métropolitaine, 86000, France;0,05340342030975811;Rue Georges Leclanché;86194;86194;POITIERS;86000;;residential
128;46.5812833;0.3420719;Rue Henri Oudin, Le Plateau, Poitiers, Vienne, Nouvelle-Aquitaine, France métropolitaine, 86000, France;0,05340342030975811;Rue Henri-Oudin;86194;86194;POITIERS;86000;;tertiary
129;46.5740348;0.3387119;Tison, Carnot, Poitiers, Vienne, Nouvelle-Aquitaine, France métropolitaine, 86000, France;0,06673675364309148;Tison;86194;86194;POITIERS;86000;;locality
130;46.5631818;0.8615947;Rue Raoul Gaschard, La Grange à Rabot, Saint-Savin, Montmorillon, Vienne, Nouvelle-Aquitaine, France métropolitaine, 86310, France;0,053393324940871255;Rue Raoul Gaschard;86246;86246;ST SAVIN;86310;;residential
131;46.5484200;0.3452733;86280, Saint-Benoît, Poitiers, Vienne, Nouvelle-Aquitaine, France métropolitaine, France;0,12007008697642477;Avenue des Grottes-de-Passe-Lourdin;86214;86214;ST BENOIT;86280;;postal_code
132;46.5653741;0.8774472;Avenue de l'Europe, Saint-Germain, Montmorillon, Vienne, Nouvelle-Aquitaine, France métropolitaine, 86310, France;0,053393324940871255;Avenue de l'Europe;86223;86223;ST GERMAIN;86310;;primary
133;46.9519750;0.6959045;Place André Chicot, Les Caves, Saint-Rémy-sur-Creuse, Châtellerault, Vienne, Nouvelle-Aquitaine, France métropolitaine, 86220, France;0,053392865644312164;Place Andre Chicot;86241;86241;ST REMY SUR CREUSE;86220;;residential
134;46.3983877;0.8970291;86500, Montmorillon, Vienne, Nouvelle-Aquitaine, France métropolitaine, France;0,1200606416418707;La Grande Vigne;86254;86254;SAULGE;86500;;postal_code
135;46.8126242;0.4160011;Scorbé-Clairvaux, Châtellerault, Vienne, Nouvelle-Aquitaine, France métropolitaine, 86140, France;0,5192470983242315;Les Priedons S;86258;86258;SCORBE CLAIRVAUX;86140;;administrative
136;46.4847321;0.6563613;Rue de la Chapelle-Viviers, Cubord (Rive Droite), Valdivienne, Montmorillon, Vienne, Nouvelle-Aquitaine, France métropolitaine, 86300, France;0,053392899214160336;rue de la Chapelle Viviers;86233;86233;VALDIVIENNE;86300;CHAPELLE MORTHEMER;unclassified
137;46.4246642;0.2564168;Avenue de Bordeaux, Les Champs Rabeaux, Vivonne, Poitiers, Vienne, Nouvelle-Aquitaine, France métropolitaine, 86370, France;0,05339257572289613;avenue de Bordeaux;86293;86293;VIVONNE;86370;;residential
